-- phpMyAdmin SQL Dump
-- version 5.2.1
-- https://www.phpmyadmin.net/
--
-- Host: 127.0.0.1
-- Generation Time: Apr 23, 2024 at 11:05 PM
-- Server version: 10.4.32-MariaDB
-- PHP Version: 8.2.12

SET SQL_MODE = "NO_AUTO_VALUE_ON_ZERO";
START TRANSACTION;
SET time_zone = "+00:00";


/*!40101 SET @OLD_CHARACTER_SET_CLIENT=@@CHARACTER_SET_CLIENT */;
/*!40101 SET @OLD_CHARACTER_SET_RESULTS=@@CHARACTER_SET_RESULTS */;
/*!40101 SET @OLD_COLLATION_CONNECTION=@@COLLATION_CONNECTION */;
/*!40101 SET NAMES utf8mb4 */;

--
-- Database: `kichay`
--

-- --------------------------------------------------------

--
-- Table structure for table `call_outs`
--

CREATE TABLE `call_outs` (
  `user_id` int(11) DEFAULT NULL,
  `specialist_id` int(11) DEFAULT NULL,
  `vendor_id` int(11) DEFAULT NULL,
  `job_id` int(11) NOT NULL,
  `service_type` varchar(250) DEFAULT NULL,
  `city` varchar(250) DEFAULT NULL,
  `post_code` int(11) DEFAULT NULL,
  `emergency` varchar(250) DEFAULT NULL,
  `date_time` datetime DEFAULT NULL,
  `description` varchar(250) DEFAULT NULL
) ENGINE=InnoDB DEFAULT CHARSET=utf8mb4 COLLATE=utf8mb4_general_ci;

--
-- Dumping data for table `call_outs`
--

INSERT INTO `call_outs` (`user_id`, `specialist_id`, `vendor_id`, `job_id`, `service_type`, `city`, `post_code`, `emergency`, `date_time`, `description`) VALUES
(1, 1, NULL, 1, 'Electrical', 'badda', 10001, 'no', '2024-04-06 17:17:07', 'fixing bulb'),
(1, NULL, 1, 2, 'HVAC', 'badda', 10001, 'no', '2024-04-06 17:17:07', ' Air Conditioning'),
(1, NULL, 2, 3, 'Painting', 'badda', 10001, 'no', '2024-04-06 17:17:07', 'room paint'),
(2, NULL, 4, 4, 'Pest Control', 'gulshan', 90001, 'no', '2024-04-06 17:17:07', 'protect property, health'),
(2, 4, NULL, 5, 'Landscaping', 'gulshan', 90001, 'no', '2024-04-06 17:17:07', 'design, planning, installation'),
(2, 5, NULL, 6, 'Electrical', 'gulshan', 90001, 'no', '2024-04-06 17:17:07', 'fixing fan'),
(3, 5, NULL, 7, 'Home Renovation', 'basabo', 60601, 'no', '2024-04-06 17:17:07', 'updating the existing structure, layout'),
(3, NULL, 6, 8, 'Plumbing', 'basabo', 60601, 'no', '2024-04-06 17:17:07', 'fixing drainage'),
(3, 7, NULL, 9, 'Carpentry', 'basabo', 60601, 'no', '2024-04-06 17:17:07', ' furniture, cabinets, flooring'),
(4, 10, NULL, 10, 'Cleaning', 'new market', 77001, 'no', '2024-04-06 17:17:07', 'removal of dirt, dust, stains'),
(4, NULL, 9, 11, 'Gutter Cleaning', 'new market', 77001, 'no', '2024-04-06 17:17:07', 'prevent water damage'),
(4, NULL, 8, 12, 'Window and Door', 'new market', 77001, 'no', '2024-04-06 17:17:07', 'broken window fixing'),
(49964, 63644, NULL, 13, 'Plumber', 'dhaka', 1212, 'Emergency-service-provider', '2024-04-22 01:33:57', 'fixing bulb'),
(49964, 14971, NULL, 14, 'Technician', 'dhaka', 1212, 'no', '2024-04-22 01:33:57', ' Air Conditioning'),
(49964, 84305, NULL, 15, 'Technician', 'dhaka', 1212, 'Emergency-service-provider', '2024-04-22 01:33:57', 'room paint'),
(10878, 63644, NULL, 16, 'Plumber', 'gulshan', 90001, 'no', '2024-04-22 01:33:57', 'protect property, health'),
(10878, 14971, NULL, 17, 'Technician', 'gulshan', 90001, 'no', '2024-04-22 01:33:57', 'design, planning, installation'),
(10878, 84305, NULL, 18, 'Technician', 'gulshan', 90001, 'Emergency-service-provider', '2024-04-22 01:33:57', 'fixing fan'),
(77410, 63644, NULL, 19, 'Plumber', 'basabo', 60601, 'no', '2024-04-22 01:33:57', 'updating the existing structure, layout'),
(77410, 14971, NULL, 20, 'Technician', 'basabo', 60601, 'no', '2024-04-22 01:33:57', 'fixing drainage'),
(77410, 84305, NULL, 21, 'Technician', 'basabo', 60601, 'no', '2024-04-22 01:33:57', ' furniture, cabinets, flooring'),
(13159, NULL, 42313, 22, 'Plumber', 'new market', 77001, 'no', '2024-04-22 01:33:57', 'removal of dirt, dust, stains'),
(13159, NULL, 49745, 23, 'Technician', 'new market', 77001, 'no', '2024-04-22 01:33:57', 'prevent water damage'),
(13159, NULL, 52090, 24, 'Technician', 'new market', 77001, 'Emergency-service-provider', '2024-04-22 01:33:57', 'broken window fixing'),
(10, NULL, 42313, 25, 'Plumber', 'new market', 77001, 'no', '2024-04-22 01:33:57', 'removal of dirt, dust, stains'),
(10, NULL, 49745, 26, 'Technician', 'new market', 77001, 'no', '2024-04-22 01:33:57', 'prevent water damage'),
(10, NULL, 52090, 27, 'Technician', 'new market', 77001, 'Emergency-service-provider', '2024-04-22 01:33:57', 'broken window fixing'),
(9, NULL, 42313, 28, 'Plumber', 'new market', 77001, 'no', '2024-04-22 01:33:57', 'removal of dirt, dust, stains'),
(9, NULL, 49745, 29, 'Technician', 'new market', 77001, 'no', '2024-04-22 01:33:57', 'prevent water damage'),
(9, NULL, 52090, 30, 'Technician', 'new market', 77001, 'Emergency-service-provider', '2024-04-22 01:33:57', 'broken window fixing');

-- --------------------------------------------------------

--
-- Table structure for table `notification`
--

CREATE TABLE `notification` (
  `user_id` int(11) DEFAULT NULL,
  `specialist_id` int(11) DEFAULT NULL,
  `vendor_id` int(11) DEFAULT NULL,
  `job_id` int(11) DEFAULT NULL,
  `date_time` datetime DEFAULT NULL,
  `notification_description` varchar(250) DEFAULT NULL,
  `service_type` varchar(250) DEFAULT NULL,
  `emergency` varchar(250) DEFAULT NULL
) ENGINE=InnoDB DEFAULT CHARSET=utf8mb4 COLLATE=utf8mb4_general_ci;

--
-- Dumping data for table `notification`
--

INSERT INTO `notification` (`user_id`, `specialist_id`, `vendor_id`, `job_id`, `date_time`, `notification_description`, `service_type`, `emergency`) VALUES
(1, 1, NULL, 1, '2024-04-06 17:17:07', 'fixing bulb', 'Electrical', 'no'),
(1, NULL, 1, 2, '2024-04-06 17:17:07', ' Air Conditioning', 'HVAC', 'no'),
(1, NULL, 2, 3, '2024-04-06 17:17:07', 'room paint', 'Painting', 'no'),
(2, NULL, 4, 4, '2024-04-06 17:17:07', 'protect property, health', 'Pest Control', 'no'),
(2, 4, NULL, 5, '2024-04-06 17:17:07', 'design, planning, installation', 'Landscaping', 'no'),
(2, 5, NULL, 6, '2024-04-06 17:17:07', 'fixing fan', 'Electrical', 'no'),
(3, 5, NULL, 7, '2024-04-06 17:17:07', 'updating the existing structure, layout', 'Home Renovation', 'no'),
(3, NULL, 6, 8, '2024-04-06 17:17:07', 'fixing drainage', 'Plumbing', 'no'),
(3, 7, NULL, 9, '2024-04-06 17:17:07', ' furniture, cabinets, flooring', 'Carpentry', 'no'),
(4, 10, NULL, 10, '2024-04-06 17:17:07', 'removal of dirt, dust, stains', 'Cleaning', 'no'),
(4, NULL, 9, 11, '2024-04-06 17:17:07', 'prevent water damage', 'Gutter Cleaning', 'no'),
(4, NULL, 8, 12, '2024-04-06 17:17:07', 'broken window fixing', 'Window and Door', 'no');

-- --------------------------------------------------------

--
-- Table structure for table `rating`
--

CREATE TABLE `rating` (
  `user_id` int(11) DEFAULT NULL,
  `specialist_id` int(11) DEFAULT NULL,
  `vendor_id` int(11) DEFAULT NULL,
  `job_id` int(11) DEFAULT NULL,
  `rating` int(11) DEFAULT NULL,
  `review_description` varchar(250) DEFAULT NULL
) ENGINE=InnoDB DEFAULT CHARSET=utf8mb4 COLLATE=utf8mb4_general_ci;

--
-- Dumping data for table `rating`
--

INSERT INTO `rating` (`user_id`, `specialist_id`, `vendor_id`, `job_id`, `rating`, `review_description`) VALUES
(1, 1, NULL, 1, 4, 'gut'),
(1, NULL, 1, 2, 3, 'gut'),
(1, NULL, 2, 3, 5, 'gut'),
(2, NULL, 4, 4, 5, 'gut'),
(2, 4, NULL, 5, 5, 'gut'),
(2, 5, NULL, 6, 5, 'gut'),
(3, 5, NULL, 7, 3, 'gut'),
(3, NULL, 6, 8, 2, 'gut'),
(3, 7, NULL, 9, 4, 'gut'),
(4, 10, NULL, 10, 5, 'gut'),
(4, NULL, 9, 11, 5, 'gut'),
(4, NULL, 8, 12, 5, 'gut'),
(49964, 63644, NULL, 13, 4, 'gut'),
(10878, 63644, NULL, 14, 3, 'gut'),
(77410, 63644, NULL, 15, 5, 'gut'),
(49964, 14971, NULL, 16, 5, 'gut'),
(10878, 14971, NULL, 17, 2, 'gut'),
(77410, 14971, NULL, 18, 4, 'gut'),
(49964, 84305, NULL, 19, 3, 'gut'),
(10878, 84305, NULL, 20, 2, 'bad'),
(77410, 84305, NULL, 21, 4, 'gut'),
(13159, NULL, 42313, 19, 4, 'gut'),
(10, NULL, 42313, 20, 2, 'bad'),
(9, NULL, 42313, 21, 4, 'gut'),
(13159, NULL, 49745, 19, 5, 'gut'),
(10, NULL, 49745, 20, 3, 'bad'),
(9, NULL, 49745, 21, 4, 'gut'),
(13159, NULL, 52090, 19, 4, 'gut'),
(10, NULL, 52090, 20, 2, 'bad'),
(9, NULL, 52090, 21, 4, 'gut');

-- --------------------------------------------------------

--
-- Table structure for table `services`
--

CREATE TABLE `services` (
  `service_type` varchar(250) DEFAULT NULL,
  `specialist_id` int(11) DEFAULT NULL,
  `vendor_id` int(11) DEFAULT NULL
) ENGINE=InnoDB DEFAULT CHARSET=utf8mb4 COLLATE=utf8mb4_general_ci;

--
-- Dumping data for table `services`
--

INSERT INTO `services` (`service_type`, `specialist_id`, `vendor_id`) VALUES
('Plumbing', 1, 1),
('Electrical', 1, 1),
('HVAC', 1, 1),
('Roofing', 2, 2),
('Painting', 2, 2),
('Carpentry', 2, 2),
('Flooring', 3, 3),
('Appliance Repair', 3, 3),
('Window and Door', 3, 3),
('Gutter Cleaning', 4, 4),
('Pest Control', 4, 4),
('Landscaping', 4, 4),
('Cleaning', 5, 5),
('Home Security System', 5, 5),
('Home Renovation', 5, 5),
('Plumbing', 6, 6),
('Electrical', 6, 6),
('HVAC', 6, 6),
('Roofing', 7, 7),
('Painting', 7, 7),
('Carpentry', 7, 7),
('Flooring', 8, 8),
('Appliance Repair', 8, 8),
('Window and Door', 8, 8),
('Gutter Cleaning', 9, 9),
('Pest Control', 9, 9),
('Landscaping', 9, 9),
('Cleaning', 10, 10),
('Home Security System', 10, 10),
('Home Renovation', 10, 10),
('Plumber', 63644, NULL),
('Plumber', 62603, NULL),
('Plumber', 14971, NULL),
('Technician', 14971, NULL),
('Electrician', 14971, NULL),
('Curpainter', 14971, NULL),
('Plumber', 76042, NULL),
('Technician', 76042, NULL),
('Electrician', 76042, NULL),
('Technician', 34135, NULL),
('Electrician', 34135, NULL),
('Mechanic', 34135, NULL),
('Furniture-Assembly', 34135, NULL),
('Plumber', 27928, NULL),
('Technician', 27928, NULL),
('Electrician', 27928, NULL),
('Mechanic', 27928, NULL),
('Plumber', NULL, 58320),
('Technician', NULL, 58320),
('Plumber', NULL, 38446),
('Technician', NULL, 38446),
('Electrician', NULL, 38446),
('Plumber', NULL, 20558),
('Plumber', NULL, 42313),
('Technician', NULL, 42313),
('Plumber', NULL, 87580),
('Technician', NULL, 87580),
('Plumber', NULL, 27066),
('Technician', NULL, 27066),
('Plumber', NULL, 20227),
('Plumber', NULL, 26940),
('Plumber', NULL, 73234),
('Technician', NULL, 49745),
('Plumber', NULL, 13699),
('Plumber', 22618, NULL),
('Technician', 22618, NULL),
('Plumber', NULL, 52090),
('Technician', NULL, 52090),
('Electrician', NULL, 52090),
('Technician', 90478, NULL),
('Electrician', 90478, NULL),
('Plumber', 29603, NULL),
('Technician', 29603, NULL),
('Plumber', 12231, NULL),
('Technician', 12231, NULL),
('Plumber', 84305, NULL),
('Technician', 84305, NULL),
('Plumber', 83770, NULL),
('Technician', 83770, NULL),
('Plumber', 79101, NULL),
('Technician', 79101, NULL),
('Plumber', 82168, NULL),
('Technician', 82168, NULL),
('Plumber', 76920, NULL),
('Technician', 76920, NULL),
('Plumber', 63828, NULL),
('Technician', 63828, NULL);

-- --------------------------------------------------------

--
-- Table structure for table `specialist`
--

CREATE TABLE `specialist` (
  `specialist_ID` int(11) NOT NULL,
  `first_name` varchar(250) DEFAULT NULL,
  `last_name` varchar(250) DEFAULT NULL,
  `phone` varchar(11) DEFAULT NULL,
  `email` varchar(250) DEFAULT NULL,
  `city` varchar(250) DEFAULT NULL,
  `post_code` int(11) DEFAULT NULL,
  `pass` varchar(250) DEFAULT NULL,
  `profile_pic` longblob DEFAULT NULL,
  `emergency` varchar(250) DEFAULT NULL,
  `NID` longblob DEFAULT NULL,
  `user_description` varchar(250) DEFAULT NULL,
  `per_hour_rate` double DEFAULT NULL
) ENGINE=InnoDB DEFAULT CHARSET=utf8mb4 COLLATE=utf8mb4_general_ci;

--
-- Dumping data for table `specialist`
--

INSERT INTO `specialist` (`specialist_ID`, `first_name`, `last_name`, `phone`, `email`, `city`, `post_code`, `pass`, `profile_pic`, `emergency`, `NID`, `user_description`, `per_hour_rate`) VALUES
(1, 'Md. Abdul', 'Haque', '1234567890', 'abdul.haque@example.com', 'Badda', 10001, 'password1', 0x3f3f3f3f00104a464946000101000001000100003f3f003f000a0708161615181616161918181a1c211a1a1c1c1a1e1d1a201c1a1e1f1c1e1c1c1a21212e251c1e2b1f1a1c2638272b2f313535361e273b403b343f2e343531010c0c0c100f101f12121f3d2c242c34343434363436343434343434343434343434343434343634343434343434343434343434343434343434343434343434343f3f001108003f003f030122000211010311013f3f001b000001050101000000000000000000000000010203040506073f3f003b1000010302030505070302060300000000010002112131034151041261713f05223f3f3f0613323f3f3f3f42, 'yes', 0x3f3f3f3f00104a464946000101000001000100003f3f003f000906071312111513131216161517191d1816171717201f1a1718181f1b181917191e191d28201d1a251b181522312125292d2e2f2e1b223338332d37282d2e2b010a0a0a0e0d0e1b10101a32252025302d302f312d2d2f2d2d2d352f2d2d352d2d2d2d2d2b2f2f2d2d2b2f2e2f302f2d2d2d2d2d2f2d2e2d2d2d2d2d2d2d2d2d2d3f3f001108003f0115030122000211010311013f3f001c00000105010101000000000000000000000001030405060207083f3f004a1000020102030306090a05020407010000010203001104122105133106223241517114165455613f3f3f3f, 'Lorem ipsum dolor sit amet', 50),
(2, 'Fatima', 'Akter', '9876543210', 'fatima.akter@example.com', 'Gulshan', 90001, 'password2', 0x3f3f3f3f00104a464946000101000001000100003f3f003f000a070815161518161516181918181a181a1a1a1a1a1a1a181a1818181d1a191c1a181c212e251c1e2b211a1a2638262b2f313535351a243b403b343f2e343531010c0c0c100f101912121e342b212431343434343434343434343434343434343434343434343434343434343434343434343134343434343434343436343134343f3f001108003f003f030122000211010311013f3f001c00000104030100000000000000000000000001040506020307083f3f004410000201020303060d03030302070100000102000311041221053141065161713f3f07131422323353723f, 'no', 0x3f3f3f3f00104a464946000101000001000100003f3f003f00090607131213141113141617161719211a161916181c1918192218181b1a1b171a181e222d22191c271f1a18244023272b2d3030332122363b372f3a2c2f3d2d010b0b0b0f0e0f1c11111b2d272127312f2f2f2f2d31322d2f2f2d2f3a2f2f2f3a2f313b2f2f2f2d2e313a2d2d2f382d2d302d2d2f2d2f3a2f2f2f2d2d2f2f3a2d3f3f001108003f016a030122000211010311013f3f001b000002030101010000000000000000000000050304060102073f3f0048100002010302030308040c050304030000010203001112042105133122415206153251613f3f3f1442713f07, 'Consectetur adipiscing elit', 60),
(3, 'Mohammad', 'Rahman', '1112223333', 'mohammad.rahman@example.com', 'Basabo', 60601, 'password3', 0x3f3f3f3f00104a464946000101000001000100003f3f003f000a0708141615181515161818181818181c1a1918181818181818181a191a181818181c212e251c1e2b2118182638262b2f313535351a243b403b343f2e343531010c0c0c100f101e12121e3121212136343431313434343434343134343534343434343434343434343434343434313434313434343134343434343134343434343f3f001108003f003f030122000211010311013f3f001c00000105010101000000000000000000000001020304050607083f3f0042100002010203050407040804070000000001020003110421310512415161713f3f3f061322323f3f3f4252, 'yes', 0x3f3f3f3f00104a464946000101000001000100003f3f003f000a0708121514171215141817171a1c1a1a171b1b1b1b171a171b201b2020212020201b222c24201d29211a1a253625292e303333331a22393e39323d2c323330010b0b0b100e101812121a3020202032323232323232323232323232323032323232323032323232323232343232323230323230323230323232323030323232303f3f001108003f0121030122000211010311013f3f001b000001050101000000000000000000000005000103040602073f3f0045100002010204040304050a0309000300000102110003041221310513415106226132713f3f141523523f3342, 'Sed do eiusmod tempor incididunt ut labore et dolore magna aliqua', 55),
(4, 'Ayesha', 'Siddiqua', '4445556666', 'ayesha.siddiqua@example.com', 'New Market', 77001, 'password4', 0x3f3f3f3f00104a464946000101000001000100003f3f003f000a0708151615181516161819181a181e1c1a181919181818191a18181a1c181818181c212e251c1e2c2118182638262b2f313535351a243b403b333f2e343531010c0c0c100f101e12121f342b212b343634343434343434343434343434343434343434343435313434343434343434343434313434343434343434343f3f3f3f3f3f001108003f003f030122000211010311013f3f001c00010001050101000000000000000000000003010204050607083f3f003f10000201020305040706040505000000000102000311041221053141516106713f3f071322323f3f3f4252, 'no', 0x3f3f3f3f00104a464946000101000001000100003f3f003f000a0708151514181514141919181a1c1b1a1a1b1b1b1f1d221d1b1b1b1b1f1b1b1a1d1b222d24231d2a1f1b1d2537252a2e313434341b233a3f3a333e2d333431010b0b0b100f101f12121f362b232a35333333333333333333333333353333333333333333333333333333333333333333333333333333333333333333333333333f3f001108003f0119030122000211010311013f3f001c00000105010101000000000000000000000002030405060107083f3f0043100002010204030603050603080203000001021100030412213105415106132261713f323f3f42523f3f3f, 'Ut enim ad minim veniam', 45),
(5, 'Mohammed', 'Ali', '7778889999', 'mohammed.ali@example.com', 'Rampura', 85001, 'password5', 0x3f3f3f3f00104a464946000101000001000100003f3f003f0009060712131215131212151615171517171517181715171815171717171717181d18181d2820181a251b151721312125292b2e2e2e171f3338332d37282d2e2b010a0a0a0e0d0e1a10101b2d1f1f252d2b2d2d2d2d2d2d2d2d2d2d2d2b2f2d2d2d2d2d2d2d2d2d2d2d2d2d2d2d2d2d2d2d2d2d2d2d2d2d2d2d2d2d2d2d2d2d2d2d3f3f0011080113003f030122000211010311013f3f001c00000007010100000000000000000000000001020304050607083f3f00421000010302020607050605040203010000010002110321043105124151617106723f3f3f3f3f071322323f, 'yes', 0x3f3f3f3f00104a464946000101000001000100003f3f003f000a06081113131713151318181717171a191919171a1c1a1a1a1a1c1a1a1a171b19191a242b231a1f281f191a243524282c2e3234321921373c37313b2b31322e010b0b0b0f0e0f1c11111c2e282323313431312e3339333b2e3139312e31313131312e312e312e31312e31313a31342e3b313131312e3131313131312e313131313f3f001108003f0136030122000211010311013f3f001c00010001050101000000000000000000000005010203040607083f3f005110000104000401050a09080609050000000100020311041221310506132241511415326163713f3f3f3f07, 'Quis nostrud exercitation ullamco laboris nisi ut aliquip ex ea commodo consequat', 65),
(6, 'Sumaiya', 'Islam', '6667778888', 'sumaiya.islam@example.com', 'Aftab', 19101, 'password6', 0x3f3f3f3f00104a464946000101000001000100003f3f003f00090607121312151313141615151618151518181819171d1d1b171a19171a1f1d1818182228201f1e251e1817213221272a2b302e2e1b203338332d37282d2f2b010a0a0a0e0d0e1a10101b2d251f252d2d2d2d2d2d2d2d2d2d2d2d2d2d2d2d2d2d2d2d2d2d2d2d2d2d2d2d2d2d2d2d2d2d2d2d2d2d2d2d2d2d2d2d2d2d2d2d2d2d3f3f001108003f003f030122000211010311013f3f001c00000105010101000000000000000000000002030405060701083f3f003e1000020103020306050206010303050100010211000321123104415105132261713f06323f3f3f073f1423, 'no', 0x3f3f3f3f00104a464946000101000001000100003f3f003f000906071313121513131211151516181f1a17181817191d18191a1718191918171a1e1a1d2820181a251b1815213121252a2d2e2e2e171f3338332c37282d2e2b010a0a0a0e0d0e1b10101a37261f262d2f2e352d2d2d2d2d2d352d2f2f2b2e2d2d2d2d2d2d2d2d2d2d302d2d2f2d2d2d2d2d2e2d2d2d2d2b2d2d2d2d2d2d2d2d2d3f3f001108003f011b030122000211010311013f3f001b000002030101010000000000000000000000050304060207013f3f00481000020103020304040909050901010000010203000411122105133106224151163254611423713f3f3f3f3f, 'Duis aute irure dolor in reprehenderit in voluptate velit esse cillum dolore eu fugiat nulla pariatur', 70),
(7, 'Rahim', 'Ahmed', '3334445555', 'rahim.ahmed@example.com', 'Merul', 78201, 'password7', 0x3f3f3f3f00104a464946000101000001000100003f3f003f0009060710121215111012161515151517151815171715181718161718171a1517181a181e2820181a251d1818213121252a2b2e2e2e171f3338332d37282d2e2b010a0a0a0e0d0e1b10101a2d251f252b2d2f2d2d2f2d2f2d2d2d2d2d2d2d2d2d2d2d2d2d2d2d2d2d2d2d2d2d2d2d2d2d2d2d2d2d2d2d2d2d2d2d2d2d2d2d2d2d2d3f3f001108003f003f030122000211010311013f3f001c00000105010101000000000000000000000600010304050207083f3f00431000020103020206060706060202030000010203000411122105310613224151611432713f3f3f2333733f, 'yes', 0x3f3f3f3f00104a464946000101000001000100003f3f003f000a0708161615181616151919181a1a181a191c1c181e1a1a1c1c1a181a1a19181a1c1e232e251c1e2b211c1c2638262b2f313535351a243b403b333f2e343531010c0c0c100f101c12121a3121182134343434343434343434343434343434343434343134343134343131343434363434343434343131343134343431343434313f3f001108003f012a030122000211010311013f3f001c00000007010100000000000000000000000001020304050607083f3f004710000201020305040607060404070100000102000311041221053141513f06226171323f3f3f3f3f071352, 'Excepteur sint occaecat cupidatat non proident', 40),
(8, 'Aisha', 'Khan', '9990001111', 'aisha.khan@example.com', 'Mirpur', 92101, 'password8', 0x3f3f3f3f00104a464946000101000001000100003f3f003f00090607121212151313131615151717151a1715171717151815181517171718171815181d2820181a261d161521312125292b2e2e2e171f3338332d37282d2e2b010a0a0a0e0d0e1b10101b2d1d1d252d2d2d2d2d2d2b2d2d2d2e2d2d2d2d2d2d2b2f2f2d2b2d2d2d2d2d2d2d2d2d2d2d2d2d2d2d2e2d2d2e2d2d302b2f372e2d333f3f0011080114003f030122000211010311013f3f001c00000104030100000000000000000000000003040506010207083f3f004a100001030201050a0c03070303050000000100020304112105061231510713223233416171723f1415523f, 'no', 0x3f3f3f3f00104a464946000101000001000100003f3f003f00090607101012151312111615151719181a18181812131818181f20191a1b1718181a1a282822191e311b151821312125292b2e2e2f1a1f3338332d43282d2e2b010a0a0a0e0d0e1a10101a2e1d1f262d2b2d2b30322d2e362b2d2d2d2b2d372b2b2e302d2d2d3730382d2d2d2d2d2d2d382d2d372b2d2d2d2d302b2d2d2d2d2d2d3f3f001108003f0168030122000211010311013f3f001c00000203010101010000000000000000000005030406020107083f3f004d1000020103020304040909060307050000010211000304122105133106224151143261711623333452543f, 'Sunt in culpa qui officia deserunt mollit anim id est laborum', 75),
(9, 'Mehdi', 'Hossain', '2223334444', 'mehdi.hossain@example.com', 'Puran Dhaka', 75201, 'password9', 0x3f3f3f3f00104a464946000101000001000100003f3f003f0009060712121215121312151515151216151715171510151716151715161715151515181d2820181a251b151521312125292b2e2e2e171f3338332d37282d2e2b010a0a0a0e0d0e1b10101b2d2520252f2d2d2d2d2d2d2d2d2d2d2d2d2b2d2d2b2d2d2d2d2b2d2d2d2d2d2d2d2d2d2d2d2d2d2d2d2d2d2d2d2d2d2d2d2d2d2d2d2d3f3f001108003f003f030122000211010311013f3f001c00000105010101000000000000000000000100020405060307083f3f0042100001030105040706040404070100000001000211030405122131415161710613223f3f3f3f0732425272, 'yes', 0x3f3f3f3f00104a464946000101000001000100003f3f003f000a07081616151616161619181818191a1a191a1a1c181a1c1a1a1818191a181a18181c212e251c1e2b1f18182638262b2f313535351a243b403b343f2e343531010c0c0c100f101e12121f342b212b34343434343434343434343434343434343434343434343434343434343434343434343434343434343434343434343434313f3f001108003f0125030122000211010311013f3f001c00000105010101000000000000000000000501020304060007083f3f003f10000201020403040705070403010100000102110003041221310541510613226132713f3f3f3f3f144252, 'Nemo enim ipsam voluptatem quia voluptas sit aspernatur aut odit aut fugit', 80),
(10, 'Anika', 'Rahman', '5556667777', 'anika.rahman@example.com', 'Jamuna', 95101, 'password10', 0x3f3f3f3f00104a464946000101000001000100003f3f003f000906071313121513121315161515181718181718181817171817181716181a171818181d2820181d251b171821312125292b2e2e2e1a1f3338332d37282d2e2b010a0a0a0e0d0e1a10101a2d1d1d252f2d2d2d2d2d2d2d2d2d2d2d2d2d2d2d2d2d2d2d2d2d2d2d2d2d2d2d2d2d2d2d2d2d2d2d2d2d2d2d2d2d2d2d2d2d2d2d2d2d3f3f001108003f003f030122000211010311013f3f001c00000104030100000000000000000000000400030506010207083f3f003e100001030105050506050304020300000001000211030412213151054161713f06223f3f3f0713323f3f3f, 'no', 0x3f3f3f3f00104a464946000101000001000100003f3f003f000906071313121513131216161516191b161917171818181b1a201722161f20181617181d28211a1b261d1a1621312125292b2e312e1a203338332c37282d2e2b010a0a0a0e0d0e1b10101b2b261f25302b372e2e2d2f2f2d2d2d2d2f2d2b2d2d2d2f2d2f2d2d2d2d2d2d2d332d2d2d2d2d2f2d2f2d2e2d2d2d2d2d2d2d2d2d352d3f3f001108003f0119030122000211010311013f3f001b000002030101010000000000000000000000060304050201073f3f004a1000020102030502070d05070403010000010203001104122105061322314151151632613f3f3f1423335354, 'Neque porro quisquam est qui dolorem ipsum quia dolor sit amet', 90),
(12231, 'aladin', 'khan', '01914356278', 'aladin@gmail.com', 'dhaka', 1212, '1234', 0x75706c6f6164732f53696e676c65206379636c65206172636869746563747572652e706e67, 'Emergency-service-provider', 0x75706c6f6164732f4b692063686179207368617065206572642e706e67, 'nrtrumrnurbue', 40),
(14971, 'kartik', 'kando', NULL, 'kartik@gmail.com', 'dhaka', 1212, '1234', 0x75706c6f6164732f642e706e67, 'No', 0x75706c6f6164732f642e706e67, 's rnsrynmxseryw', 54),
(22618, 'ram', 'khan', '01535512345', 'ram@gmail.com', 'dhaka', 1212, '1234', 0x642e706e67, 'Emergency-service-provider', 0x53696e676c65206379636c65206172636869746563747572652e706e67, 'higevbuinwerhio grio', 42),
(27928, 'lovely\r\n', 'khanum', '01333334444', 'lovely@gmail.com', 'dhaka', 1212, '1234', 0x75706c6f6164732f642e706e67, 'Emergency-service-provider', 0x75706c6f6164732f642e706e67, 'bfyufrgviuryoutv', 50),
(29603, 'aladin', 'khan', '01914356278', 'aladin@gmail.com', 'dhaka', 1212, '1234', 0x75706c6f6164732f53696e676c65206379636c65206172636869746563747572652e706e67, 'Emergency-service-provider', 0x75706c6f6164732f4b692063686179207368617065206572642e706e67, 'nrtrumrnurbue', 40),
(34135, 'robin', 'khan', NULL, 'robin@gmail.com', 'dhaka', 1212, '1234', 0x75706c6f6164732f5465616c20477265656e20416e64205768697465204d6f6465726e2046696e616e6369616c205265706f727420436f76657220506167652e6a7067, 'Emergency-service-provider', 0x75706c6f6164732f53696e676c65206379636c65206172636869746563747572652e706e67, 'i am a good boy', 138),
(35743, 'Zobaer', 'ibn', NULL, 'zobaer@gmail.com', 'dhaka', 1212, '1234', '', 'No', '', 'welll', 20),
(62603, 'saif', 'khan', NULL, 'saif@gmail.com', 'dhaka', 1212, '1234', 0x75706c6f6164732f5465616c20477265656e20416e64205768697465204d6f6465726e2046696e616e6369616c205265706f727420436f76657220506167652e6a7067, 'No', 0x75706c6f6164732f5465616c20477265656e20416e64205768697465204d6f6465726e2046696e616e6369616c205265706f727420436f76657220506167652e6a7067, 'bukvayiuaebibi', 71),
(63644, 'amir', 'khan', NULL, 'amir@gmail.com', 'dhaka', 1212, '1234', 0x75706c6f6164732f4b692063686179207368617065206572642e706e67, 'Emergency-service-provider', 0x75706c6f6164732f4b692063686179207368617065206572642e706e67, 'rrrrrr', 49),
(63828, 'aladin', 'khan', '01914356278', 'aladin@gmail.com', 'dhaka', 1212, '1234', 0x75706c6f6164732f53696e676c65206379636c65206172636869746563747572652e706e67, 'Emergency-service-provider', 0x75706c6f6164732f4b692063686179207368617065206572642e706e67, 'nrtrumrnurbue', 40),
(71622, 'salman', 'khan', NULL, 'salman@gmail.com', 'dhaka', 1212, '1234', 0x75706c6f6164732f5465616c20477265656e20416e64205768697465204d6f6465726e2046696e616e6369616c205265706f727420436f76657220506167652e6a7067, 'No', 0x75706c6f6164732f4b692063686179207368617065206572642e706e67, 'sssadFW', 30),
(76042, 'Mahiya', 'Rasha', NULL, 'mahiya@gmail.com', 'Isshordi', 1212, 'ilovezobaer', 0x75706c6f6164732f642e706e67, 'Emergency-service-provider', 0x75706c6f6164732f4b692063686179207368617065206572642e706e67, 'I am good at doing hw', 100),
(76920, 'aladin', 'khan', '01914356278', 'aladin@gmail.com', 'dhaka', 1212, '1234', 0x75706c6f6164732f53696e676c65206379636c65206172636869746563747572652e706e67, 'Emergency-service-provider', 0x75706c6f6164732f4b692063686179207368617065206572642e706e67, 'nrtrumrnurbue', 40),
(78498, 'sadman', 'adib', NULL, 'adib@gmail.com', 'dhaka', 1212, '1234', '', 'Emergency-service-provider', '', 'tnx', 20),
(79101, 'aladin', 'khan', '01914356278', 'aladin@gmail.com', 'dhaka', 1212, '1234', 0x75706c6f6164732f53696e676c65206379636c65206172636869746563747572652e706e67, 'Emergency-service-provider', 0x75706c6f6164732f4b692063686179207368617065206572642e706e67, 'nrtrumrnurbue', 40),
(79209, 'amir', 'khan', NULL, 'amir@gmail.com', 'dhaka', 1212, '1234', 0x75706c6f6164732f5465616c20477265656e20416e64205768697465204d6f6465726e2046696e616e6369616c205265706f727420436f76657220506167652e6a7067, 'Emergency-service-provider', 0x75706c6f6164732f53696e676c65206379636c65206172636869746563747572652e706e67, 'rrrrrrrr', 19),
(82168, 'aladin', 'khan', '01914356278', 'aladin@gmail.com', 'dhaka', 1212, '1234', 0x75706c6f6164732f53696e676c65206379636c65206172636869746563747572652e706e67, 'Emergency-service-provider', 0x75706c6f6164732f4b692063686179207368617065206572642e706e67, 'nrtrumrnurbue', 40),
(83770, 'aladin', 'khan', '01914356278', 'aladin@gmail.com', 'dhaka', 1212, '1234', 0x75706c6f6164732f53696e676c65206379636c65206172636869746563747572652e706e67, 'Emergency-service-provider', 0x75706c6f6164732f4b692063686179207368617065206572642e706e67, 'nrtrumrnurbue', 40),
(84305, 'aladin', 'khan', '01914356278', 'aladin@gmail.com', 'dhaka', 1212, '1234', 0x75706c6f6164732f53696e676c65206379636c65206172636869746563747572652e706e67, 'Emergency-service-provider', 0x75706c6f6164732f4b692063686179207368617065206572642e706e67, 'nrtrumrnurbue', 40),
(90478, 'eliana', 'khan', '01546631278', 'eli@gmail.com', 'dhaka', 1212, '1234', 0x75706c6f6164732f53696e676c65206379636c65206172636869746563747572652e706e67, 'Emergency-service-provider', 0x75706c6f6164732f4b692063686179207368617065206572642e706e67, 'sfbvsnhsrth d', 73);

-- --------------------------------------------------------

--
-- Table structure for table `transaction`
--

CREATE TABLE `transaction` (
  `user_id` int(11) DEFAULT NULL,
  `specialist_id` int(11) DEFAULT NULL,
  `vendor_id` int(11) DEFAULT NULL,
  `job_id` int(11) DEFAULT NULL,
  `amount` double DEFAULT NULL
) ENGINE=InnoDB DEFAULT CHARSET=utf8mb4 COLLATE=utf8mb4_general_ci;

--
-- Dumping data for table `transaction`
--

INSERT INTO `transaction` (`user_id`, `specialist_id`, `vendor_id`, `job_id`, `amount`) VALUES
(1, 1, NULL, 1, 400),
(1, NULL, 1, 2, 600),
(1, NULL, 2, 3, 1000),
(2, NULL, 4, 4, 2000),
(2, 4, NULL, 5, 550),
(2, 5, NULL, 6, 700),
(3, 5, NULL, 7, 900),
(3, NULL, 6, 8, 650),
(3, 7, NULL, 9, 1500),
(4, 10, NULL, 10, 1100),
(4, NULL, 9, 11, 950),
(4, NULL, 8, 12, 2500);

-- --------------------------------------------------------

--
-- Table structure for table `users`
--

CREATE TABLE `users` (
  `user_ID` int(11) NOT NULL,
  `first_name` varchar(250) DEFAULT NULL,
  `last_name` varchar(250) DEFAULT NULL,
  `phone` varchar(11) DEFAULT NULL,
  `email` varchar(250) DEFAULT NULL,
  `city` varchar(250) DEFAULT NULL,
  `post_code` int(11) DEFAULT NULL,
  `pass` varchar(250) DEFAULT NULL,
  `profile_pic` longblob DEFAULT NULL,
  `description` varchar(250) DEFAULT NULL
) ENGINE=InnoDB DEFAULT CHARSET=utf8mb4 COLLATE=utf8mb4_general_ci;

--
-- Dumping data for table `users`
--

INSERT INTO `users` (`user_ID`, `first_name`, `last_name`, `phone`, `email`, `city`, `post_code`, `pass`, `profile_pic`, `description`) VALUES
(1, 'John', 'Doe', '01712345678', 'john.doe@example.com', 'badda', 10001, 'password1', 0x3f3f3f3f00104a464946000101000001000100003f3f003f000a0708161615181616161918181a1c211a1a1c1c1a1e1d1a201c1a1e1f1c1e1c1c1a21212e251c1e2b1f1a1c2638272b2f313535361e273b403b343f2e343531010c0c0c100f101f12121f3d2c242c34343434363436343434343434343434343434343434343634343434343434343434343434343434343434343434343434343f3f001108003f003f030122000211010311013f3f001b000001050101000000000000000000000000010203040506073f3f003b1000010302030505070302060300000000010002112131034151041261713f05223f3f3f0613323f3f3f3f42, NULL),
(2, 'Jane', 'Smith', '01812345678', 'jane.smith@example.com', 'gulshan', 90001, 'password2', 0x3f3f3f3f00104a464946000101000001000100003f3f003f000a070815161518161516181918181a181a1a1a1a1a1a1a181a1818181d1a191c1a181c212e251c1e2b211a1a2638262b2f313535351a243b403b343f2e343531010c0c0c100f101912121e342b212431343434343434343434343434343434343434343434343434343434343434343434343134343434343434343436343134343f3f001108003f003f030122000211010311013f3f001c00000104030100000000000000000000000001040506020307083f3f004410000201020303060d03030302070100000102000311041221053141065161713f3f07131422323353723f, NULL),
(3, 'Michael', 'Johnson', '01912345678', 'michael.johnson@example.com', 'basabo', 60601, 'password3', 0x3f3f3f3f00104a464946000101000001000100003f3f003f000a0708141615181515161818181818181c1a1918181818181818181a191a181818181c212e251c1e2b2118182638262b2f313535351a243b403b343f2e343531010c0c0c100f101e12121e3121212136343431313434343434343134343534343434343434343434343434343434313434313434343134343434343134343434343f3f001108003f003f030122000211010311013f3f001c00000105010101000000000000000000000001020304050607083f3f0042100002010203050407040804070000000001020003110421310512415161713f3f3f061322323f3f3f4252, NULL),
(4, 'Emily', 'Brown', '01512345678', 'emily.brown@example.com', 'new market', 77001, 'password4', 0x3f3f3f3f00104a464946000101000001000100003f3f003f000a0708151615181516161819181a181e1c1a181919181818191a18181a1c181818181c212e251c1e2c2118182638262b2f313535351a243b403b333f2e343531010c0c0c100f101e12121f342b212b343634343434343434343434343434343434343434343435313434343434343434343434313434343434343434343f3f3f3f3f3f001108003f003f030122000211010311013f3f001c00010001050101000000000000000000000003010204050607083f3f003f10000201020305040706040505000000000102000311041221053141516106713f3f071322323f3f3f4252, NULL),
(5, 'Christopher', 'Lee', '01612345678', 'chris.lee@example.com', 'rampura', 85001, 'password5', 0x3f3f3f3f00104a464946000101000001000100003f3f003f0009060712131215131212151615171517171517181715171815171717171717181d18181d2820181a251b151721312125292b2e2e2e171f3338332d37282d2e2b010a0a0a0e0d0e1a10101b2d1f1f252d2b2d2d2d2d2d2d2d2d2d2d2d2b2f2d2d2d2d2d2d2d2d2d2d2d2d2d2d2d2d2d2d2d2d2d2d2d2d2d2d2d2d2d2d2d2d2d2d2d3f3f0011080113003f030122000211010311013f3f001c00000007010100000000000000000000000001020304050607083f3f00421000010302020607050605040203010000010002110321043105124151617106723f3f3f3f3f071322323f, NULL),
(6, 'Jessica', 'Wilson', '01412345678', 'jessica.wilson@example.com', 'aftab', 19101, 'password6', 0x3f3f3f3f00104a464946000101000001000100003f3f003f00090607121312151313141615151618151518181819171d1d1b171a19171a1f1d1818182228201f1e251e1817213221272a2b302e2e1b203338332d37282d2f2b010a0a0a0e0d0e1a10101b2d251f252d2d2d2d2d2d2d2d2d2d2d2d2d2d2d2d2d2d2d2d2d2d2d2d2d2d2d2d2d2d2d2d2d2d2d2d2d2d2d2d2d2d2d2d2d2d2d2d2d2d3f3f001108003f003f030122000211010311013f3f001c00000105010101000000000000000000000002030405060701083f3f003e1000020103020306050206010303050100010211000321123104415105132261713f06323f3f3f073f1423, NULL),
(7, 'Daniel', 'Martinez', '01312345678', 'daniel.martinez@example.com', 'merul', 78201, 'password7', 0x3f3f3f3f00104a464946000101000001000100003f3f003f0009060710121215111012161515151517151815171715181718161718171a1517181a181e2820181a251d1818213121252a2b2e2e2e171f3338332d37282d2e2b010a0a0a0e0d0e1b10101a2d251f252b2d2f2d2d2f2d2f2d2d2d2d2d2d2d2d2d2d2d2d2d2d2d2d2d2d2d2d2d2d2d2d2d2d2d2d2d2d2d2d2d2d2d2d2d2d2d2d2d2d3f3f001108003f003f030122000211010311013f3f001c00000105010101000000000000000000000600010304050207083f3f00431000020103020206060706060202030000010203000411122105310613224151611432713f3f3f2333733f, NULL),
(8, 'Sarah', 'Taylor', '01212345678', 'sarah.taylor@example.com', 'mirpur', 92101, 'password8', 0x3f3f3f3f00104a464946000101000001000100003f3f003f00090607121212151313131615151717151a1715171717151815181517171718171815181d2820181a261d161521312125292b2e2e2e171f3338332d37282d2e2b010a0a0a0e0d0e1b10101b2d1d1d252d2d2d2d2d2d2b2d2d2d2e2d2d2d2d2d2d2b2f2f2d2b2d2d2d2d2d2d2d2d2d2d2d2d2d2d2d2e2d2d2e2d2d302b2f372e2d333f3f0011080114003f030122000211010311013f3f001c00000104030100000000000000000000000003040506010207083f3f004a100001030201050a0c03070303050000000100020304112105061231510713223233416171723f1415523f, NULL),
(9, 'David', 'Anderson', '01912345678', 'david.anderson@example.com', 'puran dhaka', 75201, 'password9', 0x3f3f3f3f00104a464946000101000001000100003f3f003f0009060712121215121312151515151216151715171510151716151715161715151515181d2820181a251b151521312125292b2e2e2e171f3338332d37282d2e2b010a0a0a0e0d0e1b10101b2d2520252f2d2d2d2d2d2d2d2d2d2d2d2d2b2d2d2b2d2d2d2d2b2d2d2d2d2d2d2d2d2d2d2d2d2d2d2d2d2d2d2d2d2d2d2d2d2d2d2d2d3f3f001108003f003f030122000211010311013f3f001c00000105010101000000000000000000000100020405060307083f3f0042100001030105040706040404070100000001000211030405122131415161710613223f3f3f3f0732425272, NULL),
(10, 'Jennifer', 'Thomas', '01912345678', 'jennifer.thomas@example.com', 'jamuna', 95101, 'password10', 0x3f3f3f3f00104a464946000101000001000100003f3f003f000906071313121513121315161515181718181718181817171817181716181a171818181d2820181d251b171821312125292b2e2e2e1a1f3338332d37282d2e2b010a0a0a0e0d0e1a10101a2d1d1d252f2d2d2d2d2d2d2d2d2d2d2d2d2d2d2d2d2d2d2d2d2d2d2d2d2d2d2d2d2d2d2d2d2d2d2d2d2d2d2d2d2d2d2d2d2d2d2d2d2d3f3f001108003f003f030122000211010311013f3f001c00000104030100000000000000000000000400030506010207083f3f003e100001030105050506050304020300000001000211030412213151054161713f06223f3f3f0713323f3f3f, NULL),
(10878, 'Zobaer', 'ibn', '01926555555', 'zobaer@gmail.com', 'dhaka', 1212, '1234', 0x75706c6f6164732f4b692063686179207368617065206572642e706e67, NULL),
(13159, 'rgvjnkdgvjnhkgvjnk', 'rgjnhrgbjhtrgvtrgv', '65765756456', 'aq@gmail.com', 'DHAKA', 1212, '1234', '', 'bdfbgdbgdbg'),
(49964, 'robinul', 'islam', '01535512345', 'robi@gmail.com', 'dhaka', 1212, '1234', 0x75706c6f6164732f642e706e67, NULL),
(77410, 'himel', 'hasan', '01923445567', 'himel@gmail.com', 'dhaka', 1212, '1234', 0x75706c6f6164732f70372e6a7067, NULL);

-- --------------------------------------------------------

--
-- Table structure for table `vendor`
--

CREATE TABLE `vendor` (
  `vendor_ID` int(11) NOT NULL,
  `company_name` varchar(250) DEFAULT NULL,
  `phone` varchar(11) DEFAULT NULL,
  `email` varchar(250) DEFAULT NULL,
  `city` varchar(250) DEFAULT NULL,
  `post_code` int(11) DEFAULT NULL,
  `pass` varchar(250) DEFAULT NULL,
  `logo` longblob DEFAULT NULL,
  `emergency` varchar(250) DEFAULT NULL,
  `company_reg_certificate` longblob DEFAULT NULL,
  `user_description` varchar(250) DEFAULT NULL,
  `per_hour_rate` double DEFAULT NULL
) ENGINE=InnoDB DEFAULT CHARSET=utf8mb4 COLLATE=utf8mb4_general_ci;

--
-- Dumping data for table `vendor`
--

INSERT INTO `vendor` (`vendor_ID`, `company_name`, `phone`, `email`, `city`, `post_code`, `pass`, `logo`, `emergency`, `company_reg_certificate`, `user_description`, `per_hour_rate`) VALUES
(1, 'ABC Company', '1234567890', 'abc@example.com', 'badda', 10001, 'password1', NULL, 'yes', 0x3f3f3f3f00104a464946000101000001000100003f3f003f000a070815141417141515171817191c171a1a1a1a1c201a201d211a1a1c20201a202020202c231d2029201919243624292d2f3333331a22383e38323d2c32332f010b0b0b0f0e0f1c12121e32202020323232323232323232323232322f3232323232323232323232323232323232323a32323232322f32323232323232323232323f3f001108003f0110030122000211010311013f3f001b000002030101010000000000000000000003040102050006073f3f0046100002010204020508050b040202030000010211000304122131415105132261711432523f3f3f3f3f233342, 'Lorem ipsum dolor sit amet', 50),
(2, 'XYZ Corporation', '9876543210', 'xyz@example.com', 'badda', 10001, 'password2', NULL, 'no', 0x3f3f3f3f00104a464946000101000001000100003f3f003f000a070811111117141111171717171817171717191717171917171717181817181a181a202c231a2129201717243525282d2f3232341922383d38313c2e31322f010b0b0b0f0e0f1a101017332020202f3c313131312f2f32312f3c372f2f3c2f3c3131312f31313c2f2f2f3a2f343c302f2f2f312f33323c3a2f332f2f3c312f313f3f001108003f0100030122000211010311013f3f001b000002030101010000000000000000000000040103050206073f3f004510000201020402050807070304020300000102110003041221314151051322613f14325253713f3f3f062333, 'Consectetur adipiscing elit', 60),
(3, 'PQR Ltd.', '1112223333', 'pqr@example.com', 'badda', 10001, 'password3', NULL, 'yes', 0x3f3f3f3f00104a464946000101000001000100003f3f003f000a0708121515181615141818141818181a1819191821151a181918181a1c181919181c232e251c1e2b1f1a192646262e2f313535351a243e403b343f2e353634010c0c0c100f101c12121d3121212b353f38343436373b3435343635343434343a343434343435343733343434313f343636313d344034353434343f34403134313f3f001108003f012c030122000211010311013f3f001b000100030101010100000000000000000000030405010206073f3f004610000103020304030d06040505010100000100021103210412310541513f22613f13141532525371733f3f3f, 'Sed do eiusmod tempor incididunt ut labore et dolore magna aliqua', 55),
(4, 'LMN Enterprises', '4445556666', 'lmn@example.com', 'badda', 10001, 'password4', NULL, 'no', 0x3f3f3f3f00104a464946000101000001000100003f3f003f000a0708141514181515151919181a191a191a1a191b1b181b1b1b1a1b1d1b191b1b1b1b202d241b1d2920181a253725292f303434341b23393f39323e2d323530010b0b0b100f101d12121d3529232932323232323232303232323232323232323232323232323232323232323232323232323232323232323232323232323232323f3f001108003f0103030122000211010311013f3f001b000001050101000000000000000000000000010203040506073f3f0042100001020502040403050507040203000001021100031221310441052251611332713f523f3f1423423f3f06, 'Ut enim ad minim veniam', 45),
(5, 'EFG Inc.', '7778889999', 'efg@example.com', 'basabo', 60601, 'password5', 0x3f3f3f3f00104a464946000101000001000100003f3f003f00090607101010100e10100e0f0f0e100f0f10100f0e10120f1011151d22161611131518282820181a251e1615213d22252b2b302e2e181f3738352d37282d2e2b010a0a0a0e0d0e1a10101b2d2520222f2d372b2d2d2f2b2f2b2b2d2d2b2d2d2f2d2d2d2d2d2d2d2d2d2d2d2d2d2d2d2d2d2d2d2d2d2d2d2d2d2d2d2d2d2d2d2d2d3f3f001108003f003f030111000211010311013f3f001b000100020301010000000000000000000000030604050701023f3f003d1000020200020508080504020301000000000102030411052133723f061214315153713f13224152613f3f3f, 'yes', 0x3f3f3f3f00104a464946000101000001000100003f3f003f000a06071414131614131317171618181c1a19191818181c19161619191a181719191a19222a221f1c27201919233523272b2e3331311921363b36303a2a30312e010b0b0b0f0e0f1d11111d3b2721273a303031303030303031302e323030303030333030323030303830323030303030302e3230303030303030303030303030313f3f001108003f003f030122000211010311013f3f001b000001050101000000000000000000000005000102030406073f3f003d100002010303010603060503040203000001021100032104123141051322516171323f3f0623423f3f3f1452, 'Quis nostrud exercitation ullamco laboris nisi ut aliquip ex ea commodo consequat', 65),
(6, 'RST Group', '6667778888', 'rst@example.com', 'basabo', 60601, 'password6', NULL, 'no', 0x3f3f3f3f00104a464946000101000001000100003f3f003f000a070815141417151515171717191c1e1d19191a1c251d1e1a192321231c1e1a1a1e1a232c231a1d291e1d20243624292d2f3333331a22383e38323d2c32332f010b0b0b0f0e0f1a12121d352920202f3a32323232343232323232323232323232323232323232323233323232323232323232322f3232323232323232323232323f3f0011080112003f030122000211010311013f3f001b000002030101010000000000000000000001020304050006073f3f0041100001020403040509070402020300000001021100031221043141052251611332713f3f1442523f3f3f3f3f, 'Duis aute irure dolor in reprehenderit in voluptate velit esse cillum dolore eu fugiat nulla pariatur', 70),
(7, 'MNO Limited', '3334445555', 'mno@example.com', 'mirpur', 92101, 'password7', NULL, 'yes', 0x3f3f3f3f00104a464946000101000001000100003f3f003f000a0607111113161313111616161119161111161916111618111116161818181616181a1f2b231a1c291f1619233623282d303131311b21433c37303b2b30312e010b0b0b0f0e0f1911111a301f1f1f30303030303030302e2e30303030302e302e30303030323030303030303b30333130303130303b2e303039392e30303430303f3f001108003f0114030122000211010311013f3f001b000001050101000000000000000000000000010203040506073f3f00481000020200040206040c05010703050000010203110004122113220514233141510632613f15243342435253, 'Excepteur sint occaecat cupidatat non proident', 40),
(8, 'GHI Corporation', '9990001111', 'ghi@example.com', 'mirpur', 92101, 'password8', 0x3f3f3f3f00104a464946000101000001000100003f3f003f0009060713121212111312161611141218171617161515161915151d12161615161716191e2820181b311d1716233122262a2b2e2e2e18203338332c38282d2e2b010a0a0a0e0d0e1a10101b2d2520252d2f2f2d2d2d2d2d2d2d2d2d2d2d2d2d2d2d2d2d2d2d2d2d2d2d2d2d2d2d2d2d2d2d2d2d2d2d2d2d2d2d2d2d2d2d2d2d2d2d3f3f001108003f003f030111000211010311013f3f001c00010002020301000000000000000000000006070405010203083f3f004d100002010204030504040b020b09000000010200031104051221063141071322516132713f3f14723f3f15, 'no', 0x3f3f3f3f00104a464946000101000001000100003f3f003f0009060712121215121012151515171515151517161515151615151515161615151515181d2820181a251b151521312125292d2e2e2e171f3338332d37282d2e2b010a0a0a0e0d0e160f10172b1d151d2d352d2d2d2d2b2d2d2d2b2d2b2b2b2d2e2d2d2b2d2d2d2f2d2d2d2e372b2d37372d2d372d2d2f372d2d382f372e2b2b2b2d3f3f0011080101003f030122000211010311013f3f001b000002030101010000000000000000000000010203050406073f3f00481000010303020204080b0605050003000001000211031221043105411322516106323371733f3f3f14152334, 'Sunt in culpa qui officia deserunt mollit anim id est laborum', 75),
(9, 'JKL Enterprises', '2223334444', 'jkl@example.com', 'mirpur', 92101, 'password9', 0x3f3f3f3f00104a464946000101000001000100003f3f003f000906071010101210100f15100f0f171515101810101016151616161717171718181518202821181a251b1515213522252a2e2e2e2e171f3338332c37292d2e2b010a0a0a0e0d0e1b10101a2b2620262d2f302d2d2b322d2f2e2b37322d2b2b2b2f2d2d2d2d2d2d2d2d2b2d2d2f2d2d2d2e2b2d2d2d2d2d372d2d2f2d302d2d322b3f3f001108003f003f030122000211010311013f3f001b000101000301010100000000000000000000030205060401073f3f0048100002020103020304050806060b00000001020003110412210531132241063251611442713f3f072352723f, 'yes', 0x3f3f3f3f00104a464946000101000001000100003f3f003f0009060712121215121012151515171515151517161515151615151515161615151515181d2820181a251b151521312125292d2e2e2e171f3338332d37282d2e2b010a0a0a0e0d0e160f10172b1d151d2d352d2d2d2d2b2d2d2d2b2d2b2b2b2d2e2d2d2b2d2d2d2f2d2d2d2e372b2d37372d2d372d2d2f372d2d382f372e2b2b2b2d3f3f0011080101003f030122000211010311013f3f001b000002030101010000000000000000000000010203050406073f3f00481000010303020204080b0605050003000001000211031221043105411322516106323371733f3f3f14152334, 'Nemo enim ipsam voluptatem quia voluptas sit aspernatur aut odit aut fugit', 80),
(10, 'UVW Ltd.', '5556667777', 'uvw@example.com', 'gulshan', 90001, 'password10', 0x3f3f3f3f00104a464946000101000001000100003f3f003f000906071313101512121215121216181715181518171a1715181b1515171815151315181c282c1a1a271b1617213121252a2d2e2e2e17203338372d3a282d2e2b010a0a0a0e0d0e1a10101b2d2520222d372f2d2f352e302d35372d2f2f2d2d2d2d30362d2d2d382d2d2d2d2d2f2d2f2d2f352d312d2d2e2d2d2d2d2d2d2d2d2d2d3f3f001108003f003f030122000211010311013f3f001c00010002020301000000000000000000000005060407010203083f3f004410000201020305040607040807000000000001020311042131050612415122613f3f07132352713f143242, 'no', 0x3f3f3f3f00104a464946000101000001000100003f3f003f0009060710121215121210151615161518151517181918181616161618171818161515181d2820181a251b161522312128292b2e2e2e171f3338332d37282d2e2b010a0a0a0e0d0e171010172d1d1d1d2b2d2d2d2f2d2d2d2d2d2f2f2d2d2d2d2d2d2d2d2d2d2d2b2d2b2d2d352d2d2d2d2d2d2d2d2d2d2d2d2d2d2e2b2b2b2b2d2d3f3f0011080105003f030122000211010311013f3f001c00000203010101010000000000000000000005010304020607083f3f00491000020102040205050a0c060301010000010211000304122131054113225161713233723f3f0614154252, 'Neque porro quisquam est qui dolorem ipsum quia dolor sit amet', 90),
(13699, 'formula ltd', '01234574848', 'formula@gmail.com', 'dhaka', 1212, '1234', 0x5465616c20477265656e20416e64205768697465204d6f6465726e2046696e616e6369616c205265706f727420436f76657220506167652e6a7067, 'Emergency-service-provider', 0x642e706e67, 'rsenbse6zean6zsrt z', 11112),
(20227, 'tesla ltd', '9999900097', 'tes@gmail.com', 'dhaka', 1212, '1234', 0x5465616c20477265656e20416e64205768697465204d6f6465726e2046696e616e6369616c205265706f727420436f76657220506167652e6a7067, 'Emergency-service-provider', 0x642e706e67, 'atwbsy nywa', 11111),
(20558, 'ww ltd', '01255555555', 'ww@gmail.com', 'dhaka', 1331, '1234', 0x75706c6f6164732f642e706e67, 'Emergency-service-provider', 0x75706c6f6164732f53696e676c65206379636c65206172636869746563747572652e706e67, 'nnnyn', 15),
(26940, 'supran ltd', '01566654334', 'su@gmail.com', 'dhaka', 1212, '1234', 0x5465616c20477265656e20416e64205768697465204d6f6465726e2046696e616e6369616c205265706f727420436f76657220506167652e6a7067, 'Emergency-service-provider', 0x4b692063686179207368617065206572642e706e67, 'tivir78cvv6i', 4),
(27066, 'tesla ltd', '9999900097', 'tes@gmail.com', 'dhaka', 1212, '1234', 0x5465616c20477265656e20416e64205768697465204d6f6465726e2046696e616e6369616c205265706f727420436f76657220506167652e6a7067, 'Emergency-service-provider', 0x642e706e67, 'atwbsy nywa', 11111),
(33267, NULL, '01222222222', 'zid@gmail.com', 'dhaka', 1212, '1234', 0x75706c6f6164732f53696e676c65206379636c65206172636869746563747572652e706e67, NULL, '', 'tdrndntdtndtndny', 0),
(38446, 'det ltd', '01234567891', 'det@gmail.com', 'dhaka', 1331, '1234', 0x75706c6f6164732f5465616c20477265656e20416e64205768697465204d6f6465726e2046696e616e6369616c205265706f727420436f76657220506167652e6a7067, 'Emergency-service-provider', 0x75706c6f6164732f4b692063686179207368617065206572642e706e67, 'yvgirc tyctuvti  y', 74),
(42313, 'janthol ltd', '01532244556', 'j@gmail.com', 'dhaka', 1331, '1234', 0x642e706e67, 'No', 0x4b692063686179207368617065206572642e706e67, 'rfffffewfqfqgrr', 100),
(49745, 'jhakkana ltd', '01992928829', 'jh@yahoo.com', 'dhaka', 1212, '1234', 0x5465616c20477265656e20416e64205768697465204d6f6465726e2046696e616e6369616c205265706f727420436f76657220506167652e6a7067, 'No', 0x642e706e67, ' wbqav', 666),
(52090, 'zubs ltd', '01926123456', 'zs@gmail.com', 'dhaka', 1212, '1234', 0x53696e676c65206379636c65206172636869746563747572652e706e67, 'Emergency-service-provider', 0x5465616c20477265656e20416e64205768697465204d6f6465726e2046696e616e6369616c205265706f727420436f76657220506167652e6a7067, 'nrse yunurnu', 54),
(58320, 'triminda ltd', '01535511111', 't@gmail.com', 'dhaka', 1212, '1234', 0x75706c6f6164732f5465616c20477265656e20416e64205768697465204d6f6465726e2046696e616e6369616c205265706f727420436f76657220506167652e6a7067, 'Emergency-service-provider', 0x75706c6f6164732f642e706e67, 'ehtsnynwebwb35', 1500),
(64100, NULL, '01222222222', 'zid@gmail.com', 'dhaka', 1212, '1234', 0x75706c6f6164732f53696e676c65206379636c65206172636869746563747572652e706e67, NULL, '', 'tdrndntdtndtndny', 0),
(67560, NULL, '01222222222', 'zid@gmail.com', 'dhaka', 1212, '1234', 0x75706c6f6164732f53696e676c65206379636c65206172636869746563747572652e706e67, NULL, '', 'tdrndntdtndtndny', 0),
(73234, 'jhakkana ltd', '01992928829', 'jh@yahoo.com', 'dhaka', 1212, '1234', 0x5465616c20477265656e20416e64205768697465204d6f6465726e2046696e616e6369616c205265706f727420436f76657220506167652e6a7067, 'Emergency-service-provider', 0x53696e676c65206379636c65206172636869746563747572652e706e67, 'ndb aryrway N', 16),
(87580, 'suprana', '09886556766', 's@gmail.com', 'dhaka', 1212, '1234', 0x642e706e67, 'Emergency-service-provider', 0x53696e676c65206379636c65206172636869746563747572652e706e67, 'rgbndtrndnesyb w', 13),
(94101, NULL, '01222222222', 'zid@gmail.com', 'dhaka', 1212, '1234', 0x75706c6f6164732f53696e676c65206379636c65206172636869746563747572652e706e67, NULL, '', 'tdrndntdtndtndny', 0);

--
-- Indexes for dumped tables
--

--
-- Indexes for table `call_outs`
--
ALTER TABLE `call_outs`
  ADD PRIMARY KEY (`job_id`),
  ADD KEY `C_O_F_1` (`user_id`),
  ADD KEY `C_O_F_2` (`specialist_id`),
  ADD KEY `C_O_F_3` (`vendor_id`);

--
-- Indexes for table `notification`
--
ALTER TABLE `notification`
  ADD KEY `N_F_1` (`job_id`),
  ADD KEY `N_F_2` (`user_id`),
  ADD KEY `N_F_3` (`specialist_id`),
  ADD KEY `N_F_4` (`vendor_id`);

--
-- Indexes for table `rating`
--
ALTER TABLE `rating`
  ADD KEY `R_F_1` (`job_id`),
  ADD KEY `R_F_2` (`user_id`),
  ADD KEY `R_F_3` (`specialist_id`),
  ADD KEY `R_F_4` (`vendor_id`);

--
-- Indexes for table `services`
--
ALTER TABLE `services`
  ADD KEY `S_F_1` (`specialist_id`),
  ADD KEY `S_F_2` (`vendor_id`);

--
-- Indexes for table `specialist`
--
ALTER TABLE `specialist`
  ADD PRIMARY KEY (`specialist_ID`);

--
-- Indexes for table `transaction`
--
ALTER TABLE `transaction`
  ADD KEY `T_F_1` (`job_id`),
  ADD KEY `T_F_2` (`user_id`),
  ADD KEY `T_F_3` (`specialist_id`),
  ADD KEY `T_F_4` (`vendor_id`);

--
-- Indexes for table `users`
--
ALTER TABLE `users`
  ADD PRIMARY KEY (`user_ID`);

--
-- Indexes for table `vendor`
--
ALTER TABLE `vendor`
  ADD PRIMARY KEY (`vendor_ID`);

--
-- Constraints for dumped tables
--

--
-- Constraints for table `call_outs`
--
ALTER TABLE `call_outs`
  ADD CONSTRAINT `C_O_F_1` FOREIGN KEY (`user_id`) REFERENCES `users` (`user_ID`),
  ADD CONSTRAINT `C_O_F_2` FOREIGN KEY (`specialist_id`) REFERENCES `specialist` (`specialist_ID`),
  ADD CONSTRAINT `C_O_F_3` FOREIGN KEY (`vendor_id`) REFERENCES `vendor` (`vendor_ID`);

--
-- Constraints for table `notification`
--
ALTER TABLE `notification`
  ADD CONSTRAINT `N_F_1` FOREIGN KEY (`job_id`) REFERENCES `call_outs` (`job_id`),
  ADD CONSTRAINT `N_F_2` FOREIGN KEY (`user_id`) REFERENCES `users` (`user_ID`),
  ADD CONSTRAINT `N_F_3` FOREIGN KEY (`specialist_id`) REFERENCES `specialist` (`specialist_ID`),
  ADD CONSTRAINT `N_F_4` FOREIGN KEY (`vendor_id`) REFERENCES `vendor` (`vendor_ID`);

--
-- Constraints for table `rating`
--
ALTER TABLE `rating`
  ADD CONSTRAINT `R_F_1` FOREIGN KEY (`job_id`) REFERENCES `call_outs` (`job_id`),
  ADD CONSTRAINT `R_F_2` FOREIGN KEY (`user_id`) REFERENCES `users` (`user_ID`),
  ADD CONSTRAINT `R_F_3` FOREIGN KEY (`specialist_id`) REFERENCES `specialist` (`specialist_ID`),
  ADD CONSTRAINT `R_F_4` FOREIGN KEY (`vendor_id`) REFERENCES `vendor` (`vendor_ID`);

--
-- Constraints for table `services`
--
ALTER TABLE `services`
  ADD CONSTRAINT `S_F_1` FOREIGN KEY (`specialist_id`) REFERENCES `specialist` (`specialist_ID`),
  ADD CONSTRAINT `S_F_2` FOREIGN KEY (`vendor_id`) REFERENCES `vendor` (`vendor_ID`);

--
-- Constraints for table `transaction`
--
ALTER TABLE `transaction`
  ADD CONSTRAINT `T_F_1` FOREIGN KEY (`job_id`) REFERENCES `call_outs` (`job_id`),
  ADD CONSTRAINT `T_F_2` FOREIGN KEY (`user_id`) REFERENCES `users` (`user_ID`),
  ADD CONSTRAINT `T_F_3` FOREIGN KEY (`specialist_id`) REFERENCES `specialist` (`specialist_ID`),
  ADD CONSTRAINT `T_F_4` FOREIGN KEY (`vendor_id`) REFERENCES `vendor` (`vendor_ID`);
COMMIT;

/*!40101 SET CHARACTER_SET_CLIENT=@OLD_CHARACTER_SET_CLIENT */;
/*!40101 SET CHARACTER_SET_RESULTS=@OLD_CHARACTER_SET_RESULTS */;
/*!40101 SET COLLATION_CONNECTION=@OLD_COLLATION_CONNECTION */;
